Circuit,WindSustained,GustSustained,Thresholds,FPI,Reasons,Month,pspsActivated
POWER,27.4,58.7,31/46,8.97,Exceeded Threshold,NOV,1
DELUZ,27.1,42.5,27/44,10.98, High Wind Trend,NOV,1
Exceeded Threshold ROBINSON CREEK,39.3,57,31/46,11.25,Exceeded FPI,NOV,1
CALSTATE,37.2,61.6,31/46,12,Exceeded Threshold - Exceeded FPI,NOV,1
RICARDO,37.1,61.2,31/46,12,Exceeded Threshold - Exceeded FPI,DEC,1
CALSTATE,41.6,59.7,31/46,12,Exceeded Threshold - Exceeded FPI,NOV,1
TWIN LAKES,23.82,55.09,31/46,12,High Wind Trend - Exceeded FPI,NOV,1
RMV 1243,26,55,31/46,12,Exceeded Threshold - Exceeded FPI,NOV,1
GRAPEVINE PEAK,42,55,31/46,12,High Wind Trend - Exceeded FPI,DEC,1
EASTER,32,53.9,29/41,12,Exceeded Threshold - Exceeded FPI,JAN,1
CORSAIR,35.4,52.1,30/42,12,Exceeded Threshold - Exceeded FPI,JAN,1
HILLFIELD,36.6,51.7,31/46,12,Exceeded Threshold - Exceeded FPI,DEC,1
ARLENE,36.6,51.7,31/46,12,Exceeded Threshold - Exceeded FPI,DEC,1
RACER,36.6,51.7,31/46,12,Exceeded Threshold - Exceeded FPI,DEC,1
BIRCHIM,31.5,51.7,31/46,12,Exceeded Threshold - Exceeded FPI,DEC,1
FORTUNE,30,51.4,31/45,12,Source Circuit De-Energized: Lauda,JAN,1
GILMAN,30,51.4,31/45,12,Source Circuit De-Energized: Lauda,JAN,1
LAUDA,30,51.4,31/45,12,Exceeded Threshold - Exceeded FPI,JAN,1
PHEASANT,37,51,31/45,12,Exceeded Threshold - Exceeded FPI,JAN,1
CANEBRAKE,27,50.8,31/46,12,Exceeded Threshold - Exceeded FPI,DEC,1
HORSE,27,50.8,31/46,12,Exceeded Threshold - Exceeded FPI,DEC,1
CORSAIR,35.7,50,30/42,12,Exceeded Threshold - Exceeded FPI,JAN,1
CASSIDY,26.2,49.9,31/46,12,Exceeded Threshold - Exceeded FPI,DEC,1
STAGHORN,29.9,49.3,31/46,12,Exceeded Threshold - Exceeded FPI,JAN,1
TOGA,29,49,31/41.7,12,Exceeded Threshold - Exceeded FPI,JAN,1
CAESAR,29,49,31/45.8,12,Exceeded Threshold - Exceeded FPI,JAN,1
DARTMOUTH,24.5,48.4,31/45,12,Exceeded Threshold - Exceeded FPI,JAN,1
TAHQUITZ,32.6,48.2,31/46,12,Exceeded Threshold - Exceeded FPI,JAN,1
CLARINET,30.4,47.79,31/46,12,Exceeded Threshold - Exceeded FPI,JAN,1
CUTHBERT,27.9,47.5,31/46,12,Exceeded Threshold - Exceeded FPI,NOV,1
PETIT,33.6,47.1,31/46,12,Exceeded Threshold - Exceeded FPI,DEC,1
TANAGER,27.8,46.8,30.67/44.07,12,Exceeded Threshold - Exceeded FPI,DEC,1
BALCOM,28.1,46.6,31/46,12,High Wind Trend - Exceeded FPI,DEC,1
CLARINET,28.8,46.5,31/46,12,Exceeded Threshold - Exceeded FPI,DEC,1
BING,31.7,46.3,31/45,12,Exceeded Threshold - Exceeded FPI,JAN,1
CONINE,31,46.3,28/40,12,Exceeded Threshold - Exceeded FPI,JAN,1
FINGAL,28,46,31/46,12,Exceeded Threshold - Exceeded FPI,DEC,1
PYLE,26.5,45.6,28/44,12,Exceeded Threshold - Exceeded FPI,NOV,1
ICEHOUSE,17.02,45.52,31/46,12,High Wind Trend - Exceeded FPI,NOV,1
RED BOX,28.6,45.4,31/45,12,Exceeded Threshold - Exceeded FPI,JAN,1
JONAGOLD,28.6,45.4,28/39,12,Exceeded Threshold - Exceeded FPI,JAN,1
SCHMIDT,28.6,45.4,31/44,12,Exceeded Threshold - Exceeded FPI,JAN,1
PATRICIA,16.7,45.4,31/46,12,High Wind Trend - Exceeded FPI,DEC,1
NAPOLEON,29.8,45.1,31/45,12,Exceeded Threshold - Exceeded FPI,JAN,1
PATRICIA,23.9,45.1,31/46,12,High Wind Trend - Exceeded FPI,DEC,1
CHAWA,30.9,44.9,31/46,12,High Wind Trend - Exceeded FPI,JAN,1
SAGINAW,15.6,44.6,24/40,12,Exceeded Threshold - Exceeded FPI,JAN,1
DUKE,30.8,44.6,30/46,12,Exceeded Threshold - Exceeded FPI,DEC,1
TOWNSHIP,15.4,44.1,31/45,12,High Wind Trend - Exceeded FPI,DEC,1
ROUNDEL,29.5,44.1,31/44,12,Exceeded Threshold - Exceeded FPI,DEC,1
BLUE CUT,23.29,43.99,31/46,12,High Wind Trend - Exceeded FPI,NOV,1
BELPAC,31.96,43.91,31/42.42,12,Exceeded Threshold - Exceeded FPI,JAN,1
JULIUS,29.8,43.7,31/46,12,High Wind Trend - Exceeded FPI,JAN,1
MARCUS,29.8,43.7,31/46,12,High Wind Trend - Exceeded FPI,JAN,1
CALGROVE,31.6,43.6,31/46,12,Exceeded Threshold - Exceeded FPI,JAN,1
STAR ROCK,26.3,43.4,31/44,12,High Wind Trend - Exceeded FPI,NOV,1
VERA CRUZ,31.4,43.3,28./42,12,Exceeded Threshold - Exceeded FPI,NOV,1
BIG ROCK,29.8,43.3,31/46,12,High Wind Trend - Exceeded FPI,NOV,1
LAZARO,26,43.1,28/40,12,Exceeded Threshold - Exceeded FPI,NOV,1
BLUE CUT,20.7,42.7,31/46,12,High Wind Trend - Exceeded FPI,NOV,1
EASTER,23.4,42.7,29/41,12,Exceeded Threshold - Exceeded FPI,DEC,1
HONEYCRISP,28.9,42.5,29/42,12,Exceeded Threshold - Exceeded FPI,JAN,1
JONAGOLD,14.6,42.2,28/39,12,Exceeded Threshold - Exceeded FPI,DEC,1
FROZEN,32,42,31/46,12,Exceeded Threshold - Exceeded FPI,DEC,1
CONDOR,27.2,41.9,31/46,12,High Wind Trend - Exceeded FPI,NOV,1
CONDOR,27.2,41.9,31/46,12,High Wind Trend - Exceeded FPI,NOV,1
BUCKHORN,26.4,41.8,31/46,12,High Wind Trend - Exceeded FPI,DEC,1
FLAKE,20.3,41.7,28/36,12,Exceeded Threshold - Exceeded FPI,NOV,1
GILLIBRAND,15.8,41.5,31/46,12,High Wind Trend - Exceeded FPI,NOV,1
MIDDLE ROAD,20.6,40.9,26/42,12,High Wind Trend - Exceeded FPI,NOV,1
NAPA,28.6,40.9,28/39,12,Exceeded Threshold - Exceeded FPI,NOV,1
SOGGY,26.4,40.6,28/40,12,Exceeded Threshold - Exceeded FPI,DEC,1
ROS,29.5,40.5,27/39,12,Exceeded Threshold - Exceeded FPI,DEC,1
NAPA,24.6,40.3,28/39,12,Exceeded Threshold - Exceeded FPI,DEC,1
CUTHBERT,29,40.2,31/46,12,High Wind Trend - Exceeded FPI,DEC,1
CHAWA,29.9,40,31/46,12,High Wind Trend - Exceeded FPI,DEC,1
METTLER,27,40,23/37,12,Exceeded Threshold - Exceeded FPI,NOV,1
CUDDEBACK,27,40,23/37,12,Exceeded Threshold - Exceeded FPI,NOV,1
TANAGER,27.6,38.7,31/44,12,High Wind Trend - Exceeded FPI,NOV,1
PARINA,16.8,38.3,28/36,12,Exceeded Threshold - Exceeded FPI,DEC,1
BONNEVILLE,19.1,37.9,28/40,12,High Wind Trend - Exceeded FPI,NOV,1
ACCENT,26.3,37.9,27/38,12,High Wind Trend - Exceeded FPI,JAN,1
BONNEVILLE,11.1,36,28/40,12,High Wind Trend - Exceeded FPI,NOV,1
METTLER,20.3,33.3,23/37,12,High Wind Trend - Exceeded FPI,DEC,1
SOGGY,28.2,42.8,28/40,12.01,Exceeded Threshold - Exceeded FPI,NOV,1
WOBEGONE,25.1,37,28/40,12.02,High Wind Trend - Exceeded FPI,NOV,1
GINGER,20.3,32.2,28/40,12.02,High Wind Trend - Exceeded FPI,NOV,1
FROZEN,26,35,31/46,12.03,High Wind Trend - Exceeded FPI,NOV,1
HONEYCRISP,22.4,38.9,24/42,12.04,High Wind Trend - Exceeded FPI,NOV,1
ANTON,32.84,48.37,31/46,12.05,High Wind Trend - Exceeded FPI,NOV,1
COBRA,28.2,42,31/42,12.05,High Wind Trend - Exceeded FPI,NOV,1
ANGUS,12.4,45.7,31/46,12.06,High Wind Trend - Exceeded FPI,NOV,1
ANGUS,26.5,45.6,31/46,12.06,High Wind Trend - Exceeded FPI,NOV,1
ARLENE,33.79,53.63,31/46,12.07,High Wind Trend - Exceeded FPI,NOV,1
SADDLEBACK,25.6,47.8,31/46,12.07,Exceeded Threshold - Exceeded FPI,NOV,1
GRAPEVINE PEAK,32,40,31/46,12.07,Exceeded Threshold - Exceeded FPI,NOV,1
GUITAR,21.18,34.27,31/46,12.07,High Wind Trend - Exceeded FPI,NOV,1
GRAPEVINE,9,15,31/46,12.08,High Wind Trend - Exceeded FPI,NOV,1
ARLENE,39.7,51,31/46,12.09,Exceeded Threshold - Exceeded FPI,NOV,1
RACER,38.2,49.4,31/46,12.09,Exceeded Threshold - Exceeded FPI,NOV,1
PICK,18.8,47.4,31/46,12.09,Exceeded Threshold - Exceeded FPI,NOV,1
FINGAL,23.8,42.6,31/46,12.09,High Wind Trend - Exceeded FPI,DEC,1
FINGAL,28.8,39.2,31/46,12.09,High Wind Trend - Exceeded FPI,DEC,1
EVERETT,31.7,61.2,31/46,12.1,Exceeded Threshold - Exceeded FPI,JAN,1
ROSA,32.1,49.9,31/46,12.1,Exceeded Threshold - Exceeded FPI,JAN,1
ENERGY,31.2,49.8,31/46,12.1,High Wind Trend - Exceeded FPI,NOV,1
BIG ROCK,33.67,48.08,31/46,12.1,High Wind Trend - Exceeded FPI,NOV,1
LOUCKS,23.6,44,31/46,12.1,High Wind Trend - Exceeded FPI,NOV,1
ENERGY,29.46,41.87,31/46,12.1,High Wind Trend - Exceeded FPI,NOV,1
DAVENPORT,24.3,47.9,31/46,12.11,Exceeded Threshold - Exceeded FPI,NOV,1
SADDLEBACK,31,46,31/46,12.11,Exceeded Threshold - Exceeded FPI,DEC,1
DYSART,31,46,31/46,12.11,Exceeded Threshold - Exceeded FPI,DEC,1
SAND CANYON,22.1,44.5,31/46,12.11,High Wind Trend - Exceeded FPI,NOV,1
DAVENPORT,23.61,43.99,31/46,12.11,High Wind Trend - Exceeded FPI,NOV,1
PICK,21.3,43.6,31/46,12.11,High Wind Trend - Exceeded FPI,NOV,1
DAVENPORT,26.4,43.4,31/46,12.11,High Wind Trend - Exceeded FPI,NOV,1
DAVENPORT,16.84,43.04,31/46,12.11,High Wind Trend - Exceeded FPI,NOV,1
SAND CANYON,30.6,40.3,31/46,12.11,High Wind Trend - Exceeded FPI,NOV,1
SHOVEL,23.4,39.9,25/40,12.11,High Wind Trend - Exceeded FPI,NOV,1
SHOVEL,21.77,44.5,25/40,12.12,High Wind Trend - Exceeded FPI,NOV,1
SHOVEL,23.6,44,25/40,12.12,High Wind Trend - Exceeded FPI,NOV,1
GUNSITE,27.6,47.7,31/46,12.13,Exceeded Threshold - Exceeded FPI,DEC,1
OAK KNOLL,34.6,49,31/46,12.14,Exceeded Threshold - Exceeded FPI,DEC,1
METTLER,22.1,33.6,23/37,12.15,High Wind Trend - Exceeded FPI,NOV,1
CUDDEBACK,23,32.7,23/37,12.15,Exceeded Threshold - Exceeded FPI,NOV,1
METTLER,23,32.7,23/37,12.15,Exceeded Threshold - Exceeded FPI,NOV,1
CUDDEBACK,19.2,31.6,23/37,12.15,High Wind Trend - Exceeded FPI,NOV,1
DYSART,25.6,47.8,31/46,12.16,Exceeded Threshold - Exceeded FPI,NOV,1
FINGAL,26.8,53.1,31/46,12.17,Exceeded Threshold - Exceeded FPI,NOV,1
FINGAL,26.8,53.1,31/46,12.17,Exceeded Threshold - Exceeded FPI,NOV,1
FINGAL,26.8,53.1,31/46,12.17,Exceeded Threshold - Exceeded FPI,NOV,1
SNOW VALLEY,21.3,50.3,31/46,12.17,Exceeded Threshold - Exceeded FPI,DEC,1
SHOVEL,25.2,37.3,31/46,12.17,High Wind Trend - Exceeded FPI,DEC,1
Energy,37,51,31/46,12.18,Exceeded Threshold - High Wind Trend - Exceeded FPI,OCT,1
TANAGER,24.3,34.3,31/44,12.18,High Wind Trend - Exceeded FPI,NOV,1
SHOVEL,22.8,31.9,25/40,12.18,High Wind Trend - Exceeded FPI,NOV,1
OAK KNOLL,26.9,54.7,31/46,12.19,Exceeded Threshold - Exceeded FPI,NOV,1
TWIN LAKES,35.5,46.7,31/45,12.2,Exceeded Threshold - Exceeded FPI,JAN,1
KICKAPOO,25.16,45.74,31/46,12.2,Exceeded Threshold - High Wind Trend - Exceeded FPI,OCT,1
ENERGY,33.3,45.7,31/46,12.2,Exceeded Threshold - Exceeded FPI,JAN,1
CANEBRAKE,29.6,41.1,31/46,12.2,High Wind Trend - Exceeded FPI,JAN,1
BIG ROCK,31.4,36.4,31/46,12.2,Exceeded Threshold - Exceeded FPI,JAN,1
CANEBRAKE,29.5,47.9,31/46,12.23,Exceeded Threshold - High Wind Trend - Exceeded FPI,OCT,1
JEEP,26.98,40.92,27/43,12.26,Exceeded Threshold - High Wind Trend - Exceeded FPI,OCT,1
High Wind Trend TUFA,27.51,37.7,31/46,12.27,Exceeded FPI,NOV,1
VERA CRUZ,30.7,48.3,28/42,12.3,Exceeded Threshold - Exceeded FPI,JAN,1
DUKE,26.3,42.8,30/46,12.3,High Wind Trend - Exceeded FPI,JAN,1
TAGGERT,34.6,49,31/46,12.32,Exceeded Threshold - Exceeded FPI,DEC,1
ICE HOUSE,15.2,39.6,31/46,12.34,High Wind Trend - Exceeded FPI,DEC,1
ARROWHEAD,51.3,64.7,40/58,12.38,Exceeded Threshold - Exceeded FPI,NOV,1
ENERGY,49.1,64.8,31/45,12.4,Exceeded Threshold - Exceeded FPI,JAN,1
STRATHERN,31.7,61.2,31/46,12.4,Exceeded Threshold - Exceeded FPI,JAN,1
RICARDO,31.1,55.3,31/46,12.4,Exceeded Threshold - Exceeded FPI,JAN,1
AVANTI,32.9,55,31/46,12.4,Exceeded Threshold - Exceeded FPI,JAN,1
BUCKNER,28.7,54.6,31/45,12.4,Exceeded Threshold - Exceeded FPI,JAN,1
GREEN RIVER,30,51.3,31/40,12.4,Exceeded Threshold - Exceeded FPI,JAN,1
STAR ROCK,30,51.3,31/44,12.4,Exceeded Threshold - Exceeded FPI,JAN,1
CABANA,29.9,49.3,31/46,12.4,Exceeded Threshold - Exceeded FPI,JAN,1
WHITECLIFF,34.2,48,31/46,12.4,Exceeded Threshold - Exceeded FPI,JAN,1
AMBERCREST,29.5,46.8,31/44,12.4,Exceeded Threshold - Exceeded FPI,JAN,1
HAMPSHIRE,29.5,46.8,31/45,12.4,Exceeded Threshold - Exceeded FPI,JAN,1
LANGER,29.5,46.8,31/45,12.4,Exceeded Threshold - Exceeded FPI,JAN,1
ANGUS,28.8,46,31/46,12.4,Exceeded Threshold - Exceeded FPI,JAN,1
BALCOM,28.1,38,31/46,12.4,High Wind Trend - Exceeded FPI,JAN,1
CASTRO,28.5,49.17,29.8/46,12.41,Exceeded Threshold - Exceeded FPI,JAN,1
WHITECLIFF,34.2,48,31/46,12.42,Exceeded Threshold - Exceeded FPI,JAN,1
LARCH,38,54,31/46,12.43,Exceeded Threshold - Exceeded FPI,JAN,1
LOUCKS,,,31/46,12.43,Source Circuit De- - Energized: Shovel,JAN,1
CANYONBOOTLEGGER,24.5,45.1,31/46,12.44,High Wind Trend - Exceeded FPI,DEC,1
NEPAL,25.27,54.65,31/44,12.45,Exceeded Threshold - High Wind Trend - Exceeded FPI,OCT,1
BIG ROCK,29.17,41.94,31/46,12.45,High Wind Trend - Exceeded FPI,JAN,1
COOLER,,,31/46,12.45,Observed Hazard,OCT,1
REVERSE PEAK,16.1,48.2,31/46,12.47,Exceeded Threshold - Exceeded FPI,NOV,1
TAIWAN,32.18,61.74,31/46,12.48,Exceeded Threshold - High Wind Trend - Exceeded FPI,OCT,1
TAIWAN,29.5,54.36,31/46,12.48,Exceeded Threshold - High Wind Trend - Exceeded FPI,OCT,1
RUSTIC,13.3,59.55,31/46,12.49,Exceeded Threshold - High Wind Trend - Exceeded FPI,OCT,1
MODJESKA,23.84,54.24,30/44,12.49,Exceeded Threshold - High Wind Trend - Exceeded FPI,OCT,1
BUCKHORN,17.7,46.47,31/46,12.49,Exceeded Threshold - Exceeded FPI,JAN,1
SAVORY,43.3,63.3,29/42,12.5,Exceeded Threshold - Exceeded FPI,JAN,1
GALENA,37.7,59.6,31/46,12.5,Exceeded Threshold - Exceeded FPI,JAN,1
TWIN LAKES,42,59.3,31/46,12.5,Exceeded Threshold - Exceeded FPI,JAN,1
VERDEMONT,37.7,56.9,31/46,12.5,Exceeded Threshold - Exceeded FPI,JAN,1
LARCH,41.2,56.3,31/46,12.5,Exceeded Threshold - Exceeded FPI,JAN,1
CALSTATE,37.6,56.3,31/46,12.5,Exceeded Threshold - Exceeded FPI,JAN,1
TUBA,29.6,55.2,31/46,12.5,Exceeded Threshold - Exceeded FPI,JAN,1
IMPALA,29.7,55.2,31/46,12.5,Exceeded Threshold - Exceeded FPI,JAN,1
ERRINGER,28.7,54.6,31/45,12.5,Exceeded Threshold - Exceeded FPI,JAN,1
DONLON,30,54.1,31/46,12.5,Exceeded Threshold - Exceeded FPI,JAN,1
BADGER,36.7,53.9,31/46,12.5,Exceeded Threshold - Exceeded FPI,JAN,1
ENCHANTED,29.4,53.2,31/46,12.5,Exceeded Threshold - Exceeded FPI,JAN,1
NORTHPARK,32,52,31/46,12.5,Exceeded Threshold - Exceeded FPI,JAN,1
CUTHBERT,32.4,50.5,31/46,12.5,Exceeded Threshold - Exceeded FPI,JAN,1
DONLON,23.5,50.3,31/46,12.5,Exceeded Threshold - Exceeded FPI,JAN,1
ANTON,24.8,50.1,31/46,12.5,Exceeded Threshold - Exceeded FPI,JAN,1
DONLON,32.1,49.9,31/46,12.5,Exceeded Threshold - Exceeded FPI,JAN,1
SWEETWATER,33.4,49.8,31/46,12.5,Exceeded Threshold - Exceeded FPI,JAN,1
CASSIDY,29.1,49.3,31/46,12.5,Exceeded Threshold - Exceeded FPI,JAN,1
MORGANSTEIN,27.4,48.7,31/46,12.5,Exceeded Threshold - Exceeded FPI,JAN,1
ENERGY,25.8,48.1,31/46,12.5,Exceeded Threshold - Exceeded FPI,JAN,1
ANTON,29.26,47.79,31/46,12.5,Exceeded Threshold - Exceeded FPI,JAN,1
BLACKHILLS,32.1,47.1,31/46,12.5,Exceeded Threshold - Exceeded FPI,JAN,1
RAINBOW,23,46.7,31/46,12.5,Exceeded Threshold - Exceeded FPI,JAN,1
ZONE,23,46.7,31/46,12.5,Exceeded Threshold - Exceeded FPI,JAN,1
CUTHBERT,32.6,46.3,31/46,12.5,Exceeded Threshold - Exceeded FPI,JAN,1
CUTHBERT,29.9,46.3,31/46,12.5,Exceeded Threshold - Exceeded FPI,JAN,1
ZONE,28.7,46.3,31/46,12.5,Exceeded Threshold - Exceeded FPI,JAN,1
ENERGY,28.5,46,31/46,12.5,Exceeded Threshold - Exceeded FPI,JAN,1
ENERGY,28.5,46,31/46,12.5,Exceeded Threshold - Exceeded FPI,JAN,1
ENERGY,31.4,45.7,31/46,12.5,Exceeded Threshold - Exceeded FPI,JAN,1
TIMBER CANYON,26.6,45.7,31/46,12.5,High Wind Trend - Exceeded FPI,JAN,1
ATENTO,,44,31/46,12.5,High Wind Trend - Exceeded FPI,OCT,1
MACIEL,29.5,42.1,28/42,12.5,Exceeded Threshold - Exceeded FPI,JAN,1
ANTON,25.2,40.4,31/46,12.5,High Wind Trend - Exceeded FPI,JAN,1
ANTON,25.2,40.4,31/46,12.5,High Wind Trend - Exceeded FPI,JAN,1
VARGAS,21,40,31/46,12.5,High Wind Trend - Exceeded FPI,JAN,1
CUTHBERT,30,39.3,31/46,12.5,High Wind Trend - Exceeded FPI,JAN,1
RAINBOW,28.1,38,31/46,12.5,High Wind Trend - Exceeded FPI,JAN,1
AMETHYST,25.7,57.5,31/46,12.51,High Wind Trend - Exceeded FPI,NOV,1
ANTON,34.54,56.85,31/46,12.51,Exceeded Threshold - High Wind Trend - Exceeded FPI,OCT,1
ANTON,34.54,56.85,31/46,12.51,Exceeded Threshold - High Wind Trend - Exceeded FPI,OCT,1
GUITAR,32.11,44.21,31/46,12.51,Exceeded Threshold - High Wind Trend - Exceeded FPI,OCT,1
CLUB OAKS,37.77,59.7,31/46,12.52,Exceeded Threshold - High Wind Trend - Exceeded FPI,OCT,1
ECHO,20.42,45.89,31/46,12.52,Exceeded Threshold - High Wind Trend - Exceeded FPI,OCT,1
Met Threshold CAMPANULA,30.7,40.3,31/46,12.52,Exceeded FPI,NOV,1
High Wind Trend CAMPANULA,30.7,40.3,31/46,12.52,Exceeded FPI,NOV,1
VARGAS,21.16,66.49,31/46,12.53,Exceeded Threshold - High Wind Trend - Exceeded FPI,OCT,1
SAND CANYON,47,59.7,31/46,12.53,Exceeded Threshold - Exceeded FPI,JAN,1
Exceeded Threshold STROSNIDER,33.9,51.5,31/46,12.53,Exceeded FPI,NOV,1
High Wind Trend SKI HI,26.7,41.1,31/46,12.53,Exceeded FPI,NOV,1
High Wind Trend SKI HI,21.5,40.4,31/46,12.53,Exceeded FPI,NOV,1
ENERGY,48.62,68.61,31/46,12.54,Exceeded Threshold - High Wind Trend - Exceeded FPI,OCT,1
ENERGY,35.63,54.51,31/46,12.54,Exceeded Threshold - High Wind Trend - Exceeded FPI,OCT,1
VIDEO,21.75,49.76,28/45,12.54,Exceeded Threshold - High Wind Trend - Exceeded FPI,OCT,1
LOPEZ,19.88,54.43,31/46,12.55,Exceeded Threshold - High Wind Trend - Exceeded FPI,OCT,1
AMETHYST,30.94,51,31/46,12.55,Exceeded Threshold - High Wind Trend - Exceeded FPI,OCT,1
TAPO,32,44,31/46,12.55,Exceeded Threshold - High Wind Trend - Exceeded FPI,OCT,1
LOPEZ,20.41,41.87,31/46,12.55,Observed Hazard - Exceeded FPI,OCT,1
AVANTI,40.55,73.65,31/46,12.56,Exceeded Threshold - High Wind Trend - Exceeded FPI,OCT,1
ACOSTA,34.63,67.81,31/46,12.56,Exceeded Threshold - High Wind Trend - Exceeded FPI,OCT,1
ACOSTA,36.1,64.52,31/46,12.56,Exceeded Threshold - High Wind Trend - Exceeded FPI,OCT,1
CANYONSHOVEL,28.93,52.46,25/40,12.56,Exceeded Threshold - High Wind Trend - Exceeded FPI,OCT,1
TRAILKIMDALE,33.27,45.16,31/45,12.56,Exceeded Threshold - High Wind Trend - Exceeded FPI,OCT,1
VERDEMONT,40.55,73.65,31/46,12.57,Exceeded Threshold - High Wind Trend - Exceeded FPI,OCT,1
BIG ROCK,27,70,31/46,12.57,Exceeded Threshold - High Wind Trend - Exceeded FPI,OCT,1
BLACKHILLS,27,70,31/46,12.57,Exceeded Threshold - High Wind Trend - Exceeded FPI,OCT,1
TWIN LAKES,27.12,69.85,31/45,12.57,Exceeded Threshold - High Wind Trend - Exceeded FPI,OCT,1
CALSTATE,38.32,65.74,31/46,12.57,Exceeded Threshold - High Wind Trend - Exceeded FPI,OCT,1
CABANA,46.5,63.64,31/46,12.57,Exceeded FPI,OCT,1
SWEETWATER,36.23,62.25,31/46,12.57,Exceeded Threshold - High Wind Trend - Exceeded FPI,OCT,1
SUTT,35.97,59.99,31/46,12.57,Exceeded Threshold - High Wind Trend - Exceeded FPI,OCT,1
DAVENPORT,23.78,49.47,31/46,12.57,Exceeded Threshold - High Wind Trend - Exceeded FPI,OCT,1
GOWAN,30.2,48.4,31/46,12.57,Exceeded Threshold - High Wind Trend - Exceeded FPI,OCT,1
SUTT,14,47.79,31/46,12.57,Exceeded Threshold - High Wind Trend - Exceeded FPI,OCT,1
FLYING D,25.7,44.9,31/46,12.57,High Wind Trend - Exceeded FPI,DEC,1
DAVENPORT,20.23,41.12,31/46,12.57,High Wind Trend - Exceeded FPI,OCT,1
SAND,64.87,96.2,31/46,12.58,Exceeded Threshold - High Wind Trend - Exceeded FPI,OCT,1
CANYONSAND,57.88,75.33,31/46,12.58,Exceeded Threshold - High Wind Trend - Exceeded FPI,OCT,1
IMPALA,42.79,60.13,31/46,12.58,Exceeded Threshold - High Wind Trend - Exceeded FPI,OCT,1
HILLFIELD,36.64,54.24,31/46,12.58,Exceeded Threshold - High Wind Trend - Exceeded FPI,OCT,1
STEEL,32.1,51,30/43,12.6,Exceeded Threshold - Exceeded FPI,JAN,1
HILLCREST,34.6,50.3,31/45,12.6,Exceeded Threshold - Exceeded FPI,JAN,1
MOCCASIN,29,49,31/46,12.6,Exceeded Threshold - Exceeded FPI,JAN,1
HILLFIELD,31.4,48.8,31/46,12.6,Exceeded Threshold - Exceeded FPI,JAN,1
COVENTRY,28.7,47.4,31/46,12.6,Exceeded Threshold - Exceeded FPI,JAN,1
SHERWOOD,28.7,47.4,31/46,12.6,Source Circuit De-Energized: Coventry,JAN,1
ARLENE,29.8,43.7,31/46,12.6,High Wind Trend - Exceeded FPI,JAN,1
HILLFIELD,29.8,43.7,31/46,12.6,High Wind Trend - Exceeded FPI,JAN,1
RACER,29.8,43.7,31/46,12.6,High Wind Trend - Exceeded FPI,JAN,1
DIAMONDBACK,28.6,43.1,31/42,12.6,Exceeded Threshold - Exceeded FPI,JAN,1
BELPAC,30.9,43.1,31/42,12.6,Exceeded Threshold - Exceeded FPI,JAN,1
COBRA,26.7,40.5,31/42,12.6,High Wind Trend - Exceeded FPI,JAN,1
LYONS,20.4,39.5,31/46,12.6,High Wind Trend - Exceeded FPI,JAN,1
ANACONDA,22.19,40.33,31/42.4,12.61,High Wind Trend - Exceeded FPI,JAN,1
PLATEAU,29.3,42.5,31/46,12.63,High Wind Trend - Exceeded FPI,JAN,1
PYTHON,25.9,41.72,31/46,12.63,High Wind Trend - Exceeded FPI,JAN,1
PYTHON,25.9,41.72,31/46,12.63,High Wind Trend - Exceeded FPI,JAN,1
TAPO,19.3,41.72,31/46,12.64,High Wind Trend - Exceeded FPI,JAN,1
GUITAR,27.35,44.35,31/46,12.65,High Wind Trend - Exceeded FPI,JAN,1
GUITAR,31.1,42.2,31/46,12.66,Exceeded Threshold - Exceeded FPI,JAN,1
ANTON,40.6,55.8,31/46,12.7,Exceeded Threshold - Exceeded FPI,JAN,1
SAND CANYON,35,49,31/46,12.7,Exceeded Threshold - Exceeded FPI,JAN,1
SAND CANYON,22.4,47.1,31/46,12.7,Exceeded Threshold - Exceeded FPI,JAN,1
CALGROVE,30.1,46.9,31/46,12.7,Exceeded Threshold - Exceeded FPI,JAN,1
MIDDLE ROAD,24,46.2,26/42,12.7,Exceeded Threshold - Exceeded FPI,JAN,1
CALGROVE,29.5,45.7,31/46,12.7,High Wind Trend - Exceeded FPI,JAN,1
SAND CANYON,22.5,44.9,31/46,12.7,High Wind Trend - Exceeded FPI,JAN,1
GUITAR,29.1,43.3,31/46,12.7,High Wind Trend - Exceeded FPI,JAN,1
VETERANS,19.9,43,31/46,12.7,High Wind Trend - Exceeded FPI,JAN,1
METTLER,20.6,31.9,23/37,12.7,High Wind Trend - Exceeded FPI,JAN,1
FROZEN,19,24,31/46,12.7,Preemptive: To coordinate with PG&E resources,JAN,1
GRAPEVINE PEAK,19,24,31/46,12.7,Preemptive: To coordinate with PG&E resources,JAN,1
NORTHPARK,32.5,49,31/46,12.71,Exceeded Threshold - Exceeded FPI,JAN,1
DAVENPORT,26.1,43.5,31/46,12.72,High Wind Trend - Exceeded FPI,JAN,1
GNATCATCHER,26.11,35.3,31/46,12.75,High Wind Trend - Exceeded FPI,NOV,1
IMPALA,25.7,57.4,31/46,12.78,Exceeded Threshold - Exceeded FPI,DEC,1
CALSTATE,39.7,50.6,31/46,12.79,Exceeded Threshold - Exceeded FPI,DEC,1
BIG ROCK,42,59.3,31/46,12.8,Exceeded Threshold - Exceeded FPI,JAN,1
BOUQUET,31.6,50.1,31/46,12.8,Exceeded Threshold - Exceeded FPI,JAN,1
DAVENPORT,31.6,50.1,31/46,12.8,Exceeded Threshold - Exceeded FPI,JAN,1
ESCONDIDO,31.6,50.1,31/46,12.8,Source Circuit De-energized: DAVENPORT,JAN,1
CABANA,34.4,49.5,31/46,12.8,Exceeded Threshold - Exceeded FPI,DEC,1
CABANA,33.7,47.4,31/46,12.8,Exceeded Threshold - Exceeded FPI,JAN,1
HONEYCRISP,29.6,46.2,29/42,12.8,Exceeded Threshold - Exceeded FPI,DEC,1
BLACKHILLS,31,42.89,31/46,12.8,Exceeded Threshold - Exceeded FPI,JAN,1
LOUCKS,23.6,36.9,31/46,12.8,Source Circuit De-Energized: Shovel,JAN,1
SHOVEL,23.6,36.9,31/46,12.8,High Wind Trend - Exceeded FPI,JAN,1
PASCAL,29.9,40,31/44,12.81,High Wind Trend - Exceeded FPI,DEC,1
PICK,19.91,44.57,31/46,12.82,High Wind Trend - Exceeded FPI,JAN,1
DAVENPORT,24.3,39.82,31/46,12.82,High Wind Trend - Exceeded FPI,JAN,1
CAMP BALDY,17.02,45.52,31/46,12.84,High Wind Trend - Exceeded FPI,NOV,1
VARGAS,23.5,48.3,31/46,12.86,Exceeded Threshold - Exceeded FPI,NOV,1
RUSTIC,26.72,37.85,31/46,12.86,High Wind Trend - Exceeded FPI,NOV,1
AMETHYST,25.7,57.5,31/46,12.87,Exceeded Threshold - Exceeded FPI,DEC,1
SHOVEL,26.1,43.5,25/40,12.88,Exceeded Threshold - Exceeded FPI,JAN,1
SANTORINI,17.5,42.6,31/42,12.88,Exceeded Threshold - Exceeded FPI,DEC,1
SANTORINI,22.3,41.8,31/42,12.88,High Wind Trend - Exceeded FPI,DEC,1
BIANCO,19.2,39.9,31/40,12.88,High Wind Trend - Exceeded FPI,DEC,1
RUSTIC,28.1,44.9,31/46,12.89,High Wind Trend - Exceeded FPI,NOV,1
IMPALA,40.1,57.9,31/46,12.9,Exceeded Threshold - Exceeded FPI,NOV,1
ANTON,30.3,47.4,31/46,12.9,Exceeded Threshold - Exceeded FPI,DEC,1
STEEL,24.3,46.9,30/43,12.9,Exceeded Threshold - Exceeded FPI,DEC,1
NORTHPARK,12,43.1,31/46,12.9,High Wind Trend - Exceeded FPI,NOV,1
VARGAS,18,41,31/46,12.9,High Wind Trend - Exceeded FPI,DEC,1
TWIN LAKES,33.8,51.4,31/45,12.91,Exceeded Threshold - Exceeded FPI,DEC,1
STEARNS,19.6,45.5,31/46,12.91,High Wind Trend - Exceeded FPI,DEC,1
Kuehner,19.6,45.5,31/46,12.91,High Wind Trend - Exceeded FPI,DEC,1
GILLIBRAND,15.7,42.7,31/46,12.91,High Wind Trend - Exceeded FPI,DEC,1
DE MILLE,17.8,36.9,31/46,12.91,High Wind Trend - Exceeded FPI,DEC,1
GLASSCOCK,25.1,41.7,31/45,12.92,High Wind Trend - Exceeded FPI,DEC,1
VARGAS,15.22,39.24,31/46,12.92,High Wind Trend - Exceeded FPI,NOV,1
FANO,16.8,38.3,28/40,12.92,High Wind Trend - Exceeded FPI,DEC,1
FOOTHILL,23.7,34.3,26/36,12.92,High Wind Trend - Exceeded FPI,DEC,1
KINSEY,46,66,31/46,12.93,Exceeded Threshold - Exceeded FPI,JAN,1
ENCHANTED,23.4,49.3,31/46,12.93,Exceeded Threshold - Exceeded FPI,DEC,1
REJADA,23.4,49.3,31/46,12.93,Exceeded Threshold - Exceeded FPI,DEC,1
STRATHERN,23.1,47.1,31/46,12.93,Exceeded Threshold - Exceeded FPI,DEC,1
FERRARA,170.02,45.52,31/46,12.93,High Wind Trend - Exceeded FPI,NOV,1
ATENTO,23.99,42.89,31/46,12.93,High Wind Trend - Exceeded FPI,NOV,1
SAVORY,23.4,42.7,29/42,12.93,Exceeded Threshold - Exceeded FPI,DEC,1
ATENTO,19.1,41.57,31/46,12.93,High Wind Trend - Exceeded FPI,NOV,1
ATENTO,19.1,41.57,31/46,12.93,High Wind Trend - Exceeded FPI,NOV,1
SAVORY,19.2,40.5,29/42,12.93,High Wind Trend - Exceeded FPI,DEC,1
STEEL,23.7,45.1,30/43,12.94,Exceeded Threshold - Exceeded FPI,DEC,1
BIG ROCK,29.8,43.3,31/46,12.94,High Wind Trend - Exceeded FPI,DEC,1
STEEL,27.1,42.3,30/43,12.94,High Wind Trend - Exceeded FPI,DEC,1
SONOMA,21,39.5,27.51/39.42,12.94,Exceeded Threshold - Exceeded FPI,DEC,1
DONLON,19.7,50.4,31/46,12.95,Exceeded Threshold - Exceeded FPI,DEC,1
RAINBOW,28.1,46.6,31/46,12.95,High Wind Trend - Exceeded FPI,DEC,1
ZONE,23.9,41.6,31/46,12.95,High Wind Trend - Exceeded FPI,DEC,1
ESTABAN,18.2,40.6,31/45,12.95,High Wind Trend - Exceeded FPI,DEC,1
ESTABAN,19.7,40.5,31/45,12.95,High Wind Trend - Exceeded FPI,DEC,1
IMPALA,25.7,36.83,31/46,12.95,High Wind Trend - Exceeded FPI,NOV,1
VERA CRUZ,25,36.7,28.04/42,12.95,High Wind Trend - Exceeded FPI,DEC,1
BALCOM,26.5,34.7,31/46,12.95,High Wind Trend - Exceeded FPI,NOV,1
COLLINS,15.7,46.1,31/43,12.96,Exceeded Threshold - Exceeded FPI,NOV,1
TIMBER,22.4,43.7,31/46,12.96,High Wind Trend - Exceeded FPI,DEC,1
AMETHYST,19.7,55.8,31/46,12.97,Exceeded Threshold - Exceeded FPI,NOV,1
LOCKNER,19.4,45.2,31/45,12.97,Exceeded Threshold - Exceeded FPI,DEC,1
ANTON,26.4,42.7,31/46,12.97,High Wind Trend - Exceeded FPI,DEC,1
ANTON,26.4,42.7,31/46,12.97,High Wind Trend - Exceeded FPI,DEC,1
TAPO,20.19,42.6,31/46,12.97,High Wind Trend - Exceeded FPI,DEC,1
FORTUNE,20.2,41.5,31/45,12.97,High Wind Trend - Exceeded FPI,DEC,1
LAUDA,20.2,41.5,31/45,12.97,High Wind Trend - Exceeded FPI,DEC,1
GILMAN,20.2,41.5,31/45,12.97,High Wind Trend - Exceeded FPI,DEC,1
EASTER,21.6,39.4,29/41,12.97,High Wind Trend - Exceeded FPI,NOV,1
MIDDLE ROAD,14.6,38.5,26/42,12.97,High Wind Trend - Exceeded FPI,DEC,1
EASTER,23.5,37.9,29/41,12.97,High Wind Trend - Exceeded FPI,NOV,1
SAND CANYON,26,50.9,31/46,12.98,Exceeded Threshold - Exceeded FPI,DEC,1
JORDAN,21.2,46.8,27/46,12.98,Exceeded Threshold - Exceeded FPI,NOV,1
NAPOLEON,28.9,45.2,31/45,12.98,Exceeded Threshold - Exceeded FPI,DEC,1
NAPOLEON,23.7,44.6,31/45,12.98,High Wind Trend - Exceeded FPI,DEC,1
TAIWAN,23.9,43.2,31/46,12.98,High Wind Trend - Exceeded FPI,NOV,1
GREAT SALT,28.2,42.8,29/42,12.98,Exceeded Threshold - Exceeded FPI,NOV,1
SAND CANYON,23,38.3,31/46,12.98,High Wind Trend - Exceeded FPI,DEC,1
ANTON,31,51,31/46,12.99,Exceeded Threshold - High Wind Trend - Exceeded FPI,OCT,1
TWIN LAKES,27.3,49.3,31/45,12.99,Exceeded Threshold - Exceeded FPI,NOV,1
PASCAL,21.8,44.9,31/44,12.99,Exceeded Threshold - Exceeded FPI,NOV,1
ENERGY,29.9,43.3,31/46,12.99,High Wind Trend - Exceeded FPI,DEC,1
CASTRO,19.9,42.8,30/46,12.99,High Wind Trend - Exceeded FPI,DEC,1
CASTRO,28.7,41.1,30/46,12.99,High Wind Trend - Exceeded FPI,DEC,1
OLIVER,14.8,41,29/42,12.99,High Wind Trend - Exceeded FPI,NOV,1
BENCH,26.5,40.7,29/42,12.99,High Wind Trend - Exceeded FPI,DEC,1
ENERGY,24.5,40.7,31/46,12.99,High Wind Trend - Exceeded FPI,DEC,1
SAND CANYON,33.36,49.98,31/46,13,Exceeded Threshold - Exceeded FPI,DEC,1
MODJESKA,27,48.2,30/44,13,Exceeded Threshold - Exceeded FPI,NOV,1
BIG ROCK,20.3,48.1,31/46,13,Exceeded Threshold - Exceeded FPI,NOV,1
ENERGY,32,46.3,31/46,13,Exceeded Threshold - Exceeded FPI,DEC,1
ENERGY,32,46.3,31/46,13,Exceeded Threshold - Exceeded FPI,DEC,1
ECHO,29.7,44.4,31/46,13,High Wind Trend - Exceeded FPI,DEC,1
SUTT,29.7,44.4,31/46,13,High Wind Trend - Exceeded FPI,DEC,1
CLUB OAKS,29.7,44.4,31/46,13,High Wind Trend - Exceeded FPI,DEC,1
SONOMA,27.9,44.1,28/39,13,Exceeded Threshold - Exceeded FPI,NOV,1
NORTHPARK,30.7,42.8,31/46,13,High Wind Trend - Exceeded FPI,DEC,1
STEEL,24.5,42.2,30/43,13,Exceeded FPI,NOV,1
BIG ROCK,26.2,37.4,31/46,13,High Wind Trend - Exceeded FPI,NOV,1
STEEL,7.9,28.8,30/43,13,High Wind Trend - Exceeded FPI,NOV,1
ZONE,24.5,44.6,31/46,13.01,High Wind Trend - Exceeded FPI,NOV,1
BOOTLEGGER,22.4,44.6,31/46,13.01,High Wind Trend - Exceeded FPI,NOV,1
ZONE,23.6,44.1,31/46,13.01,High Wind Trend - Exceeded FPI,NOV,1
ZONE,23.6,44.1,31/46,13.01,High Wind Trend - Exceeded FPI,NOV,1
BOOTLEGGER,25.17,41.94,31/46,13.01,High Wind Trend - Exceeded FPI,NOV,1
RAINBOW,21.9,40.4,31/46,13.01,High Wind Trend - Exceeded FPI,NOV,1
ZONE,22.6,38.4,31/46,13.01,High Wind Trend - Exceeded FPI,NOV,1
ATENTO,19.4,38.4,31/46,13.01,High Wind Trend - Exceeded FPI,NOV,1
RAINBOW,26.5,34.7,31/46,13.01,High Wind Trend - Exceeded FPI,NOV,1
RED BOX,38,49,31/46,13.02,Exceeded Threshold - Exceeded FPI,NOV,1
LOCKNER,13.6,44.1,31/45,13.02,High Wind Trend - Exceeded FPI,NOV,1
DARTMOUTH,18.1,38.8,31/45,13.02,High Wind Trend - Exceeded FPI,NOV,1
LAUDA,22.9,38.7,31/45,13.02,High Wind Trend - Exceeded FPI,NOV,1
GILMAN,7.9,28.8,31/45,13.02,High Wind Trend - Exceeded FPI,NOV,1
STUBBY,26.5,46.4,31/46,13.03,Exceeded Threshold - Exceeded FPI,NOV,1
TAPO,28.2,46.3,31/46,13.03,Exceeded Threshold - Exceeded FPI,NOV,1
PURCHASE,23,43,31/46,13.03,High Wind Trend - Exceeded FPI,NOV,1
TAPO,17.1,42.7,31/46,13.03,High Wind Trend - Exceeded FPI,NOV,1
STUBBY,25.9,41.9,31/46,13.03,High Wind Trend - Exceeded FPI,NOV,1
PHEASANT,30.2,41.7,31/45,13.03,High Wind Trend - Exceeded FPI,NOV,1
ENERGY,20.3,48.1,31/46,13.04,Exceeded Threshold - Exceeded FPI,NOV,1
ENERGY,16.9,43.8,31/46,13.04,High Wind Trend - Exceeded FPI,NOV,1
CASTRO,24.8,41.6,30/46,13.04,High Wind Trend - Exceeded FPI,NOV,1
DUKE,26.9,40.6,30/46,13.04,High Wind Trend - Exceeded FPI,NOV,1
DUKE,21.5,40.1,30/46,13.04,High Wind Trend - Exceeded FPI,NOV,1
TAPO,24.7,45.8,31/46,13.05,High Wind Trend - Exceeded FPI,NOV,1
RANIER,21.9,41.1,31/45,13.05,High Wind Trend - Exceeded FPI,NOV,1
MORELLO,21.5,40.1,31/45,13.05,High Wind Trend - Exceeded FPI,NOV,1
TUFA,26,38,31/46,13.06,High Wind Trend - Exceeded FPI,NOV,1
LOUCKS,21.3,40,31/46,13.08,High Wind Trend - Exceeded FPI,NOV,1
FROZEN,32,40,31/46,13.08,Exceeded Threshold - Exceeded FPI,NOV,1
GUITAR,28.2,46.3,31/46,13.09,Exceeded Threshold - Exceeded FPI,NOV,1
SAND CANYON,37,52.8,31/46,13.1,High Wind Trend - Exceeded FPI,NOV,1
CONDOR,35,51.4,31/46,13.1,Exceeded Threshold - Exceeded FPI,JAN,1
GOLDSMITH,29.5,46.8,31/45,13.1,Exceeded Threshold - Exceeded FPI,JAN,1
SAND CANYON,25.39,45.23,31/46,13.1,High Wind Trend - Exceeded FPI,NOV,1
CONDOR,22.8,44.4,31/46,13.1,High Wind Trend - Exceeded FPI,JAN,1
CONDOR,22.8,44.4,31/46,13.1,High Wind Trend - Exceeded FPI,JAN,1
GNATCATCHER,29,44.21,31/46,13.1,High Wind Trend - Exceeded FPI,JAN,1
GNATCATCHER,21.41,42.45,31/46,13.1,High Wind Trend - Exceeded FPI,JAN,1
VIENTO,23,41,31/46,13.1,High Wind Trend - Exceeded FPI,NOV,1
GUNSITE,28.3,42,31/46,13.14,High Wind Trend - Exceeded FPI,NOV,1
GUNSITE,28.3,42,31/46,13.14,High Wind Trend - Exceeded FPI,NOV,1
METTLER,25.1,37.5,31/46,13.14,High Wind Trend - Exceeded FPI,DEC,1
CAIN RANCH,28.8,56.2,31/46,13.18,Exceeded Threshold - Exceeded FPI,NOV,1
CAMP BALDY,15.2,39.6,31/46,13.2,High Wind Trend - Exceeded FPI,DEC,1
BEAR VALLEY,8.94,29.88,18/29,13.24,Exceeded Threshold - High Wind Trend - Exceeded FPI,OCT,1
BEAR VALLEY,13.48,29,18/29,13.24,Exceeded Threshold - High Wind Trend - Exceeded FPI,OCT,1
SAND CANYON,36,49,31/46,13.34,Exceeded Threshold - Exceeded FPI,NOV,1
OAK GLEN,15.1,42.6,27/41,13.35,Exceeded Threshold - Exceeded FPI,DEC,1
PINE COVE,16.2,47.2,27/44,13.39,Exceeded Threshold - Exceeded FPI,DEC,1
ESTABAN,28.2,51.8,31/45,13.4,Exceeded Threshold - Exceeded FPI,JAN,1
ESTABAN,21.6,43.26,31/44.8,13.4,High Wind Trend - Exceeded FPI,JAN,1
RED BOX,31,52,31/46,13.42,Exceeded Threshold - Exceeded FPI,DEC,1
SWEETWATER,38.54,53.2,31/46,13.44,Exceeded Threshold - Exceeded FPI,JAN,1
COBRA,32.1,45.5,31/42,13.47,Exceeded Threshold - Exceeded FPI,DEC,1
ANACONDA,23.8,42.2,31/42,13.47,Exceeded Threshold - Exceeded FPI,DEC,1
TAHQUITZ,21.8,39.7,31/46,13.47,High Wind Trend - Exceeded FPI,NOV,1
DE MILLE,24.5,47.4,31/46,13.5,Exceeded Threshold - Exceeded FPI,JAN,1
LOPEZ,23.8,45.1,31/46,13.5,High Wind Trend - Exceeded FPI,JAN,1
CONDOR,27.2,41.9,31/46,13.51,High Wind Trend - Exceeded FPI,DEC,1
CONDOR,27.2,41.9,31/46,13.51,High Wind Trend - Exceeded FPI,DEC,1
CONDOR,26.1,35.3,31/46,13.51,Exceeded Threshold - Exceeded FPI,DEC,1
VARGAS,19,46,31/46,13.52,Exceeded Threshold - Exceeded FPI,JAN,1
CHAWA,27,44.4,31/46,13.52,High Wind Trend - Exceeded FPI,NOV,1
CALSTATE,37,55.2,31/46,13.53,Exceeded Threshold - Exceeded FPI,JAN,1
RANKIN,27.3,45,31/46,13.53,High Wind Trend - Exceeded FPI,DEC,1
GNATCATCHER,24.7,41.7,31/46,13.53,High Wind Trend - Exceeded FPI,NOV,1
GNATCATCHER,26.1,35.3,31/46,13.53,Exceeded Threshold - Exceeded FPI,DEC,1
SHOVEL,22.8,33.5,25/40,13.53,High Wind Trend - Exceeded FPI,DEC,1
ZENDA,23.5,44.1,31/46,13.54,High Wind Trend - Exceeded FPI,DEC,1
LOUCKS,25.2,37.3,31/46,13.54,High Wind Trend - Exceeded FPI,DEC,1
STORES,26.5,46.4,31/46,13.55,Exceeded Threshold - Exceeded FPI,NOV,1
GNATCATCHER,31.9,44.7,31/46,13.6,Exceeded Threshold - Exceeded FPI,DEC,1
CONDOR,31.9,44.7,31/46,13.6,Exceeded Threshold - Exceeded FPI,DEC,1
CARMELITA,29,59,31/46,13.7,Exceeded Threshold - Exceeded FPI,JAN,1
SWEETWATER,34.9,54.4,31/46,13.7,Exceeded Threshold - Exceeded FPI,DEC,1
GUITAR,27.3,48.7,31/46,13.7,Exceeded Threshold - Exceeded FPI,DEC,1
ECHO,29.5,44.7,31/46,13.7,High Wind Trend - Exceeded FPI,JAN,1
ESTABAN,26,51.1,26/38,13.8,Exceeded Threshold - Exceeded FPI,DEC,1
CALSTATE,42.5,50.9,31/46,13.8,Exceeded Threshold - Exceeded FPI,DEC,1
ESTABAN,20.3,49.9,31/45,13.8,Exceeded Threshold - Exceeded FPI,DEC,1
DUKE,29.4,47.6,30/46,13.8,Exceeded Threshold - Exceeded FPI,DEC,1
VARGAS,25.1,46.9,31/46,13.8,Exceeded Threshold - Exceeded FPI,DEC,1
BALCOM,32.2,46.4,31/46,13.8,Exceeded Threshold - Exceeded FPI,DEC,1
RAINBOW,32.2,46.4,31/46,13.8,Exceeded Threshold - Exceeded FPI,DEC,1
SHOVEL,30,46.3,31/46,13.8,Exceeded Threshold - Exceeded FPI,DEC,1
ACOSTA,23.4,46.1,31/46,13.8,Exceeded Threshold - Exceeded FPI,JAN,1
NAPOLEON,29.4,41,31/45,13.8,High Wind Trend - Exceeded FPI,DEC,1
ANTON,35,53,31/46,13.88,Exceeded Threshold - Exceeded FPI,SEP,1
BIG ROCK,39.7,59.3,31/46,13.9,Exceeded Threshold - Exceeded FPI,DEC,1
TWIN LAKES,42.6,58.7,31/45,13.9,Exceeded Threshold - Exceeded FPI,DEC,1
ENERGY,30.9,51.2,31/46,13.9,Exceeded Threshold - Exceeded FPI,DEC,1
COBRA,36,50.5,31/42,13.9,Exceeded Threshold - Exceeded FPI,DEC,1
JULIUS,36,50.5,31/46,13.9,Exceeded Threshold - Exceeded FPI,DEC,1
MARCUS,36,50.5,31/46,13.9,Exceeded Threshold - Exceeded FPI,DEC,1
ARLENE,36,50.5,31/46,13.9,Exceeded Threshold - Exceeded FPI,DEC,1
HILLFIELD,36,50.5,31/46,13.9,Exceeded Threshold - Exceeded FPI,DEC,1
RACER,36,50.5,31/46,13.9,Exceeded Threshold - Exceeded FPI,DEC,1
ENERGY,32.5,49.6,31/46,13.9,Exceeded Threshold - Exceeded FPI,DEC,1
NORTHPARK,27,48.2,31/46,13.9,Exceeded Threshold - Exceeded FPI,DEC,1
SAND CANYON,25.5,48.1,31/46,13.9,Exceeded Threshold - Exceeded FPI,DEC,1
BOOTLEGGER,22.2,47.1,31/46,13.9,Exceeded Threshold - Exceeded FPI,DEC,1
LOUCKS,30,46.3,31/46,13.9,Downstream circuit fed by Shovel (source de-energized),DEC,1
ATENTO,30.5,46.3,31/46,13.9,Exceeded Threshold - Exceeded FPI,DEC,1
NORTHPARK,26.1,46,31/46,13.9,Exceeded Threshold - Exceeded FPI,DEC,1
CASTRO,31.1,46,30/46,13.9,Exceeded Threshold - Exceeded FPI,DEC,1
RAINBOW,21.2,45.7,31/46,13.9,High Wind Trend - Exceeded FPI,DEC,1
DYSART,22.8,45.3,31/46,13.9,Downstream circuit fed by Shovel (source de-energized),DEC,1
SADDLEBACK,22.8,45.3,31/46,13.9,High Wind Trend - Exceeded FPI,DEC,1
PHEASANT,32.8,45.3,31/45,13.9,Exceeded Threshold - Exceeded FPI,DEC,1
ANTON,21.4,42.5,31/46,13.9,High Wind Trend - Exceeded FPI,DEC,1
SAND CANYON,30.3,39,31/46,13.9,High Wind Trend - Exceeded FPI,DEC,1
TAPO,27.4,38.9,31/46,13.9,High Wind Trend - Exceeded FPI,DEC,1
VERA CRUZ,27.8,36.5,28/42,13.9,High Wind Trend - Exceeded FPI,DEC,1
ACOSTA,29.56,61.16,31/46,13.92,High Wind Trend - Exceeded FPI,NOV,1
THACHER,12.6,45.3,29/46,13.92,High Wind Trend - Exceeded FPI,DEC,1
THACHER,12.6,45.3,29/46,13.92,High Wind Trend - Exceeded FPI,DEC,1
NORTHPARK,16.32,41.5,31/46,13.92,High Wind Trend - Exceeded FPI,NOV,1
TUFA,29.7,36.6,31/46,13.94,High Wind Trend - Exceeded FPI,DEC,1
CALSTATE,42.62,65.25,31/46,13.95,High Wind Trend - Exceeded FPI,NOV,1
ACOSTA,32.2,57.1,31/46,13.95,Exceeded Threshold - Exceeded FPI,NOV,1
CANYON-,25.7,36.83,40/50,13.96,High Wind Trend - Exceeded FPI,NOV,1
ESTABAN,20.5,50.9,31/45,13.97,Exceeded Threshold - Exceeded FPI,NOV,1
ESTABAN,21.7,42.1,31/45,13.97,High Wind Trend - Exceeded FPI,NOV,1
SAVORY,23.5,37.9,29/42,13.97,High Wind Trend - Exceeded FPI,NOV,1
BOOTLEGGER,16,41,31/46,13.98,Exceeded Threshold - Exceeded FPI,SEP,1
NORTHPARK,16.32,41.5,31/46,13.99,High Wind Trend - Exceeded FPI,NOV,1
GABBERT,15.7,46.1,31/46,14,Exceeded Threshold - Exceeded FPI,NOV,1
GALENA,33,43,31/46,14,Exceeded Threshold - High Wind Trend - Exceeded FPI,OCT,1
RED BOX,16,46,31/46,14.01,Exceeded Threshold - Exceeded FPI,SEP,1
VETERANS,13.1,44.9,31/46,14.01,High Wind Trend - Exceeded FPI,NOV,1
ANTON,15.7,46.1,31/46,14.03,Exceeded Threshold - Exceeded FPI,NOV,1
TIMBER CANYON,23.4,43.3,31/46,14.03,High Wind Trend - Exceeded FPI,NOV,1
ANTON,23.5,40.1,31/46,14.03,High Wind Trend - Exceeded FPI,NOV,1
BING,24.3,44.4,31/45,14.04,High Wind Trend - Exceeded FPI,NOV,1
ROUNDEL,26.7,41.1,31/44,14.04,High Wind Trend - Exceeded FPI,NOV,1
NAPOLEON,21.5,40.1,31/45,14.04,High Wind Trend - Exceeded FPI,NOV,1
SCHMIDT,17.9,40,31/44,14.04,High Wind Trend - Exceeded FPI,NOV,1
NAPOLEON,24.8,39.1,31/45,14.04,High Wind Trend - Exceeded FPI,NOV,1
LOPEZ,19.2,41.2,31/46,14.06,High Wind Trend - Exceeded FPI,NOV,1
LOPEZ,9.2,40.8,31/46,14.06,High Wind Trend - Exceeded FPI,NOV,1
BIRCHIM,27.6,50.1,31/46,14.08,Exceeded Threshold - Exceeded FPI,NOV,1
BIRCHIM,32.5,49.8,31/46,14.08,Exceeded Threshold - Exceeded FPI,NOV,1
CONDOR,26,37.6,31/46,14.1,High Wind Trend - Exceeded FPI,NOV,1
RED BOX,54,79,31/46,14.11,Exceeded Threshold - High Wind Trend - Exceeded FPI,OCT,1
BOOTLEGGER,,47.86,31/46,14.15,Exceeded Threshold - High Wind Trend - Exceeded FPI,OCT,1
BOOTLEGGER,28.39,43.18,31/46,14.15,High Wind Trend,OCT,1
FERRARA,15.2,39.6,31/46,14.2,High Wind Trend - Exceeded FPI,DEC,1
ALOLA #2,13.9,40.9,31/44,14.28,High Wind Trend - Exceeded FPI,DEC,1
FERRARA,15.15,48.44,31/46,14.3,Exceeded Threshold - High Wind Trend - Exceeded FPI,OCT,1
ECHO,24.4,44.4,31/46,14.36,High Wind Trend - Exceeded FPI,DEC,1
SUTT,25,44.4,31/46,14.36,High Wind Trend - Exceeded FPI,DEC,1
ECHO,26,43.3,31/46,14.36,High Wind Trend - Exceeded FPI,DEC,1
SAUNDERS,16.2,47.2,27/44,14.4,Exceeded Threshold - Exceeded FPI,DEC,1
VETERANS,16.5,45.7,31/46,14.4,High Wind Trend - Exceeded FPI,DEC,1
MOUNTAINTAHQUITZ,31,46.5,31/46,14.41,Exceeded Threshold - Exceeded FPI,DEC,1
STUBBY,27.6,47.7,31/46,14.43,Exceeded Threshold - Exceeded FPI,DEC,1
PHEASANT,25,43,31/45,14.43,High Wind Trend - Exceeded FPI,DEC,1
STORES,29.8,45.8,31/46,14.44,High Wind Trend - Exceeded FPI,DEC,1
STORES,26.3,44.1,31/46,14.44,High Wind Trend - Exceeded FPI,DEC,1
DARTMOUTH,24.6,41.4,31/45,14.44,High Wind Trend - Exceeded FPI,DEC,1
CORSAIR,25,42.8,30/42,14.45,Exceeded Threshold - Exceeded FPI,DEC,1
WINERY,21.3,40,29/42,14.45,High Wind Trend - Exceeded FPI,DEC,1
LOPEZ,16.4,42.4,31/46,14.46,High Wind Trend - Exceeded FPI,DEC,1
CORSAIR,20.7,39.6,30/42,14.53,High Wind Trend - Exceeded FPI,NOV,1
DAVENPORT,28.1,45,31/46,14.54,High Wind Trend - Exceeded FPI,DEC,1
DAVENPORT,17.5,42.2,31/46,14.54,High Wind Trend - Exceeded FPI,DEC,1
DAVENPORT,17.5,42.2,31/46,14.54,High Wind Trend - Exceeded FPI,DEC,1
LOUCKS,16,37,31/46,14.77,Exceeded Threshold - Exceeded FPI,SEP,1
SHOVEL,16,37,31/46,14.84,Exceeded Threshold - Exceeded FPI,SEP,1
CANAL,16.2,47.2,27/44,15.22,Exceeded Threshold - Exceeded FPI,DEC,1
MACIEL,38.6,78.2,27.59/42.17,,Exceeded Threshold - High Wind Trend - Exceeded FPI,OCT,1
GREEN RIVER,35.2,61.2,30.55/39.5,,Exceeded Threshold - High Wind Trend - Exceeded FPI,OCT,1
BLUE CUT,37.7,56.9,31/46,,Source Circuit De-Energized: Verdemont,JAN,1
SAND CANYON,35,53,31/46,,Exceeded Threshold - Exceeded FPI,SEP,1
VERA CRUZ,33.6,52.4,28.04/42,,Exceeded Threshold - High Wind Trend - Exceeded FPI,OCT,1
SUTT,25.4,39.5,31/46,,High Wind Trend - Meteorologist Advised,JAN,1
